<?xml version="1.0" encoding="UTF-8"?>
<project-private xmlns="http://www.netbeans.org/ns/project-private/1">
    <editor-bookmarks xmlns="http://www.netbeans.org/ns/editor-bookmarks/2" lastBookmarkId="0"/>
    <open-files xmlns="http://www.netbeans.org/ns/projectui-open-files/2">
        <group>
            <file>file:/D:/NetBeansCodes/CSE321/SJF_NP/src/sjf_np/Process.java</file>
            <file>file:/D:/NetBeansCodes/CSE321/SJF_NP/src/sjf_np/SJF_NP.java</file>
        </group>
    </open-files>
</project-private>
